seq,Chlor1,Nor1,Chlor2,Nor2,1_aerobic_t30_1_control,1_aerobic_t60_1_control,1_aerobic_t180_1_control,1_aerobic_t30_2_chlor,1_aerobic_t60_2_chlor,1_aerobic_t180_2_chlor,1_aerobic_t30_6_nor,1_aerobic_t60_6_nor,1_aerobic_t180_6_Nor,2_aerobic_Control_t30_2,2_aerobic_Control_t60_2,2_aerobic_Control_t180_2,2_aerobic_Chlor_t30_2,2_aerobic_Chlor_t60_2,2_aerobic_t180_2_chlor,2_aerobic_Nor_t30_2,2_aerobic_Nor_t60_2,2_aerobic_t180_6_nor,gene_name
aaatccggccgccggaacca,5.022089967549269,5.455544931690487,2.6735933410699992,2.7639705887764907,12.973189359760749,5.8522688368440114,0.886329955825315,24.003784125968092,37.324238810373075,55.34076903145225,67.32496792079388,45.76742286575652,85.73013770201175,17.24025402282856,9.389406871167948,7.344210925737787,19.488974721581723,35.42811208477336,60.701346365895674,44.155614776027136,92.11303106302624,48.70606960179899,ispD
aagcagtgcggtggagaact,2.612770270115112,3.0056595354263678,5.502576228808328,3.948052228729813,4.324396453253583,2.3409075347376045,1.3294949337379725,12.707885713747816,10.792550981312697,13.193825729352852,28.527528779997407,11.735236632245263,16.714680935612353,2.462893431832651,1.3413438387382783,1.224035154289631,8.526426440692005,12.21659037405978,61.704674405001384,14.285640074597014,23.726083758658277,20.638165085508046,lpxL
accgtcgaaacggccgtgag,3.1928716212222836,1.3229664449029566,0.48129092438489174,0.7359125228951956,39.53733900117562,32.18747860264207,7.533804624515178,69.18737777484922,73.74909837230344,130.47227665693376,74.74212540359322,89.77456023667625,25.880796287399775,43.1006350570714,59.01912890448425,107.71509357748755,69.4294724456349,45.20138438402119,158.52583017870276,119.4798988057205,146.54345850935994,64.80383836849526,gapA
acgcacccgacattcgggtt,4.902161366259375,5.984365912391268,2.422496344247108,3.90002308489219,2.471083687573476,5.267041953159611,0.4431649779126575,10.825235978377767,11.242240605534061,23.822185344664874,43.36184374559606,69.23789613024705,64.70199071849943,8.62012701141428,4.024031516214835,4.896140617158524,14.616731041186295,17.103226523683695,32.10649725138284,44.155614776027136,111.65215886427424,42.51462007614658,ribD
acgccccccggctcccgcga,5.719787445343217,3.688293383989598,1.1206786532601327,1.7249005759563718,0.617770921893369,1.1704537673688022,0.4431649779126575,5.647949206110139,7.195033987541799,30.05260305019261,2.2822023023997926,4.694094652898105,8.626932095799924,6.157233579581628,4.024031516214835,4.896140617158524,9.744487360790862,6.10829518702989,12.54160048882142,14.285640074597014,11.165215886427424,18.16158527524708,dapB
acgcggatgaagcagtgcgg,4.458977986426939,3.9186291085928104,3.5249208021837637,2.928361106594658,16.679814891120966,8.778403255266019,1.3294949337379725,24.474446559810605,31.47827369549537,56.07375934974963,45.073495472395905,65.1305633089612,51.222409318812055,7.388680295497954,8.04806303242967,12.240351542896313,18.270913801482866,25.65483978552554,155.51584606138562,20.77911283577748,107.46520290686396,66.4548915753359,lpxL
agcagtgcggtggagaactt,5.124507278588775,5.224871705935774,5.630060890512085,2.908510258011793,0.617770921893369,0.5852268836844011,0.4431649779126575,2.8239746030550696,6.295654739099074,19.42424343488059,1.1411011511998963,22.296949601265997,16.714680935612353,1.2314467159163256,2.6826876774765567,2.448070308579262,3.6541827602965737,7.329954224435868,124.91434086866134,5.19477820894437,18.143475815444564,19.399875180377563,lpxL
aggaaatcgccccatggggt,3.928277398914411,5.194922980493654,3.5205033028935317,2.7548608934144783,0.617770921893369,0.5852268836844011,0.4431649779126575,1.8826497353700467,1.3490688726640871,8.062893501271189,2.8527528779997406,7.62790381095942,21.028146983512315,1.2314467159163256,1.3413438387382783,1.224035154289631,1.2180609200988577,1.2216590374059781,14.04659254747999,2.597389104472185,12.560867872230853,7.016976129072735,ribA
aggagtgcgtttgataatca,2.4960038370791953,4.879350950482566,0.5128544580628788,2.601666621905872,0.617770921893369,0.5852268836844011,0.4431649779126575,1.4119873015275348,1.7987584968854498,3.298456432338213,1.1411011511998963,1.1735236632245263,14.018764655674877,1.2314467159163256,1.3413438387382783,1.224035154289631,1.2180609200988577,2.4433180748119563,1.5049920586585703,1.2986945522360924,1.395651985803428,7.429739430782897,folC
aggcgagtaagccatagttt,1.4556850739441451,1.8189666713697072,-1.0202342016174573,0.7750826213068832,0.617770921893369,1.7556806510532037,1.77265991165063,2.353312169212558,0.8993792484427249,5.130932228081666,0.5705505755999482,0.5867618316122631,7.0093823278374385,3.694340147748977,1.3413438387382783,1.224035154289631,1.2180609200988577,1.2216590374059781,1.0033280391057138,1.2986945522360924,4.186955957410285,2.0638165085508047,psd
ataacgcggatgaagcagtg,4.546876203604854,5.1883129777848715,7.320273046493587,3.419753227739655,1.853312765680107,0.5852268836844011,0.4431649779126575,7.530598941480187,12.591309478198148,14.659806365947615,18.828168994798293,8.801427474183946,26.959162799374763,1.2314467159163256,2.6826876774765567,1.224035154289631,12.18060920098858,4.886636149623913,201.66893586024844,11.68825097012483,26.51738773026513,14.03395225814547,lpxL
atgcagcactttcggaagat,6.917565078715063,5.2663598342290845,3.1750592056722406,3.2813333160127365,6.795480140827059,9.363630138950418,0.4431649779126575,8.942586243007721,40.02237655570126,83.5608962859014,39.938540291996375,25.817520590939576,43.13466047899962,8.62012701141428,4.024031516214835,4.896140617158524,19.488974721581723,13.438249411465758,53.67805009215568,51.94778208944369,57.22173141794055,46.64225309324818,glmU
atgctgaaccatcgctttcc,6.6322635412769815,6.153488892539005,2.4844078696995995,2.2952902241734563,0.617770921893369,8.193176371581616,0.886329955825315,28.71040846439321,33.72672181660218,119.11092672332437,45.64404604799585,62.78351598251216,98.67053584571164,18.471700738744886,18.778813742335895,14.688421851475574,17.05285288138401,18.324885561089673,99.83113989101851,18.18172373130529,68.38694730436796,84.61647685058298,glmU
caatgacgcacccgacattc,6.93822250977645,8.311525599904511,4.141242918596721,6.58504752946519,1.853312765680107,2.3409075347376045,0.4431649779126575,3.7652994707400933,14.390067975083598,66.70211896506166,31.950832233597097,45.76742286575652,191.94923913154832,1.2314467159163256,1.3413438387382783,2.448070308579262,15.83479196128515,14.659908448871736,46.654753818415685,37.66214201484667,242.84344552979647,145.7054455036868,ribD
cacacccttcttgcggggcc,5.460337699450062,5.09741468679973,7.482128246897209,4.633348167493369,1.235541843786738,4.096588185790808,1.3294949337379725,23.06245925828307,49.0161690401285,86.12636239994224,10.840460936399015,24.64399692771505,65.24117397448693,1.2314467159163256,8.04806303242967,1.224035154289631,17.05285288138401,19.54654459849565,233.7754331116313,37.66214201484667,82.34346716240225,40.038040265885606,ribF
cagaacgtttctgagcagca,5.1853033990606345,3.072822878407163,-0.13117415285324638,1.0625998610851721,11.737647515974013,10.534083906319221,0.4431649779126575,32.4757079351333,27.880756701724472,39.21498202890987,74.17157482799327,44.59389920253199,15.097131167649868,16.008807306912235,53.65375354953113,34.27298432010967,19.488974721581723,14.659908448871736,39.129793525122835,75.32428402969335,57.22173141794055,13.621188956435311,gapA
cagccataggcagcggctac,5.76702475961894,2.4588282657332923,3.588137519498957,3.910506266417193,6.177709218933691,9.94885702263482,0.4431649779126575,5.647949206110139,5.845965114877711,35.91652559657166,13.12266323879881,8.801427474183946,9.16611535178742,8.62012701141428,20.120157581074178,1.224035154289631,3.6541827602965737,3.664977112217934,22.574880879878556,10.38955641788874,50.24347148892341,31.37001092997223,yciM
cagccgggtcagtcttgccg,6.253080932997764,5.377164110686009,5.65671174331423,3.730047345441884,0.617770921893369,0.5852268836844011,0.4431649779126575,3.7652994707400933,13.490688726640872,41.7804481429507,1.7116517267998446,2.9338091580613157,21.028146983512315,1.2314467159163256,1.3413438387382783,1.224035154289631,2.4361218401977154,2.4433180748119563,62.7080024441071,2.597389104472185,23.726083758658277,14.03395225814547,ribF
catataccagccataggcag,3.8265830348529115,0.644614040639013,2.2058632040359054,1.0659307569851668,8.648792906507166,0.5852268836844011,0.4431649779126575,2.8239746030550696,4.496896242213624,10.994854774460713,2.8527528779997406,1.7602854948367894,2.6959162799374763,2.462893431832651,4.024031516214835,2.448070308579262,1.2180609200988577,1.2216590374059781,12.54160048882142,6.4934727611804615,8.37391191482057,4.54039631881177,yciM
catcaggaaatcgccccatg,4.9975633740298955,6.669887760779333,3.514090772745504,4.150585534675065,0.617770921893369,1.1704537673688022,0.4431649779126575,1.4119873015275348,4.946585866434987,17.59176763913714,2.2822023023997926,10.561712969020736,53.918325598749526,1.2314467159163256,2.6826876774765567,1.224035154289631,1.2180609200988577,4.886636149623913,15.551584606138562,9.090861865652645,46.05651553151312,23.52750819747917,ribA
catgcgcgtgcctttgcctg,4.005011948027939,3.517413766165041,0.5925536303096479,0.5955591509871635,4.324396453253583,3.5113613021064074,3.9884848012139176,21.650471956755535,46.31803129480033,79.52944953526581,63.331113891594256,21.12342593804147,37.742827919124665,35.711954761573445,24.14418909728901,30.60087885724078,26.797340242174872,21.989862673307606,58.694690287684246,37.66214201484667,36.28695163088913,51.59541271377011,glmU
catgtaatactcgtcctgca,0.4754759527856481,0.828585490210667,0.2700793165175774,0.7544439204650548,29.035233328988344,28.09089041685126,9.749629514078466,24.474446559810605,32.377652943938095,23.089195026367495,37.65633798959659,41.07332821285842,29.115895823324745,19.70314745466121,20.120157581074178,40.393160091557824,34.10570576276802,36.649771122179345,23.578208918984274,57.142560298388055,46.05651553151312,26.004088007740137,ribD
ccacgaagccagaggcgacg,6.019319799295864,7.152312035197899,5.147044683122543,6.464691089282873,1.235541843786738,2.3409075347376045,0.4431649779126575,6.118611639952651,9.443482108648611,38.1154965514638,16.545966692398498,35.79247172834805,93.27870328583668,3.694340147748977,1.3413438387382783,1.224035154289631,8.526426440692005,7.329954224435868,48.66140989662711,6.4934727611804615,27.91303971606856,115.98648778055522,folC
ccatcaggaaatcgccccat,7.292391078416939,7.939741765419615,4.966396390856724,5.641752290238073,2.471083687573476,0.5852268836844011,0.4431649779126575,3.7652994707400933,8.544102860205886,78.06346889867105,8.558258633999223,21.12342593804147,129.94316469298636,1.2314467159163256,2.6826876774765567,1.224035154289631,2.4361218401977154,8.551613261841847,41.63811362288712,19.480418283541386,125.60867872230851,66.86765487704608,ribA
ccatgtaatcagcgtctaac,5.776877515731235,2.9482366980617254,0.140326780925971,1.321078921682389,9.884334750293904,9.94885702263482,0.4431649779126575,22.591796824440557,26.53168782906038,48.37736100762714,72.45992310119341,42.24685187608294,11.3228483757374,61.57233579581628,16.09612606485934,47.737371017295615,41.41407128336117,32.984794009961405,52.67472205304996,85.71384044758209,99.09129099204338,17.74882197353692,gapA
cgacggccaaatccggccgc,0.4511636549573151,0.6163660784701838,0.8414082359456019,0.8090376105357766,42.00842268874909,74.32381422791894,61.15676695194673,93.1911619008173,59.8087200214412,68.5345947608051,115.82176684678947,54.56885033994047,53.37914234276203,56.646548932150985,68.4085357756522,42.84123040013709,53.594680484349745,51.30967957105108,106.35277214520565,55.84386574615197,122.81737475070166,85.85476675571347,ispD
cgagccggtcgagcccagaa,3.4842764427066886,2.3180957448972395,6.936025792493453,4.906428042267958,3.706625531360214,17.556806510532038,4.874814757039233,9.413248676850232,56.660892651891665,83.92739144505009,19.39871957039824,11.148474800632998,36.66446140714968,2.462893431832651,1.3413438387382783,1.224035154289631,12.18060920098858,10.994931336653803,158.0241661591499,12.986945522360923,37.68260361669255,40.45080356759577,dxr
cgcaactacgcggaagtgtt,4.890113295519534,5.671669609884791,6.9715590266834,6.223476158073676,4.942167375146952,2.9261344184220057,3.1021548453886023,24.94510899365312,74.64847762074615,113.24700417694532,38.79743914079648,151.97131438757614,184.4006735477234,7.388680295497954,8.04806303242967,1.224035154289631,23.143157481878298,18.324885561089673,172.07075870662987,44.155614776027136,117.23476680748796,123.82899051304827,dxr
cggctcccgcgatggcaacg,6.187682516445827,6.065801786488322,0.07388478388644551,-0.1264640450592411,10.502105672187273,23.409075347376046,0.4431649779126575,42.830281479668564,58.909340772998476,74.39851730718415,43.36184374559606,36.37923355996031,71.17218979034938,56.646548932150985,68.4085357756522,52.63351163445414,56.03080232454746,52.531338608457055,65.21632254187139,59.73994940286025,23.726083758658277,55.72304573087172,dapB
cgtgctgcaaccaatcgagc,5.700750555738669,5.5406877417003395,5.684192710183369,3.8684354045581406,0.617770921893369,0.5852268836844011,0.4431649779126575,3.2946370368975817,17.537895344633135,29.31961273189523,5.705505755999481,13.495522127082051,28.037529311349754,1.2314467159163256,1.3413438387382783,1.224035154289631,6.09030460049429,1.2216590374059781,64.71465852231853,2.597389104472185,22.330431772854848,17.336058671826756,dxr
ctggcggcccatacgccccc,1.2668036615518241,1.0977857898707786,0.16411415326228246,0.013957948553584601,46.95059006389605,92.4658476221354,25.260403741021477,105.42838518072261,94.43482108648611,102.61864456163332,113.53956454438969,119.69941364890167,81.95585491009928,91.1270569778081,84.50466184051153,102.81895296032901,109.6254828088972,97.73272299247824,108.86109224296993,138.96031708926188,60.013035389547404,81.3143704369017,dapB
cttcaacggtaccgtcgaaa,3.3837941219163192,2.8334468467620777,-0.003844910370916076,1.0875465669895341,1.235541843786738,5.8522688368440114,1.3294949337379725,4.706624338425116,5.845965114877711,20.15723375317797,14.834314965598654,10.561712969020736,10.24448186376241,4.925786863665302,12.072094548644506,19.584562468634097,2.4361218401977154,2.4433180748119563,22.574880879878556,16.8830291790692,41.869559574102844,16.510532068406437,gapA
gacattcgggttgggatgcg,3.9089697579483733,4.969263535787314,0.5962667876541686,1.890785387667788,9.266563828400535,5.8522688368440114,0.886329955825315,18.355834919857955,15.289447223526322,27.487136936151778,89.00588979359192,65.71732514057346,69.55464002238689,14.777360590995908,28.168220613503845,19.584562468634097,29.23346208237259,34.20645304736739,29.096513134065695,51.94778208944369,106.06955092106053,73.05910440269848,ribD
gcaactacgcggaagtgttc,6.086466237939784,5.916080804723259,6.0639479258875255,4.29002932360998,1.235541843786738,1.7556806510532037,0.4431649779126575,5.177286772267628,20.68572271418267,42.87993362039677,11.981562087598913,12.908760295469788,40.43874419906214,1.2314467159163256,1.3413438387382783,1.224035154289631,3.6541827602965737,3.664977112217934,83.7778912653271,5.19477820894437,15.352171843837707,26.416851309450298,dxr
gcaagggtatgcagcacttt,1.4583253117256685,0.7933090688605497,0.8433918377310228,1.2871201885301862,40.77288084496235,16.971579626847635,21.27191893980756,25.88643386133814,62.057168142548015,67.80160444250772,21.110371297198082,13.495522127082051,59.84934141461198,18.471700738744886,14.754782226121062,30.60087885724078,9.744487360790862,6.10829518702989,64.21299450276568,20.77911283577748,51.63912347472683,73.05910440269848,glmU
gccagaggcgacgcggcttg,5.868001638471662,7.740258819058958,4.0640692262933715,5.581719924491688,0.617770921893369,1.7556806510532037,0.4431649779126575,8.001261375322699,8.544102860205886,34.450544959976895,6.846606907199378,12.908760295469788,109.99338422144903,7.388680295497954,1.3413438387382783,2.448070308579262,4.872243680395431,13.438249411465758,46.15308979886283,2.597389104472185,22.330431772854848,123.41622721133812,folC
gccccatggggttggcagtt,6.391711949851542,8.391998288298888,4.943448703417316,6.772232649043883,0.617770921893369,1.1704537673688022,0.4431649779126575,4.706624338425116,7.195033987541799,44.345914256991534,21.68092187279803,77.45256177281873,203.81127076327323,1.2314467159163256,1.3413438387382783,1.224035154289631,6.09030460049429,7.329954224435868,41.136449603334256,23.37650194024966,163.2912823390011,134.14807305580229,ribA
gcgccgcctgaatcaactgg,0.7723212364480847,0.017394497004775224,0.4949714869033554,0.28281829588378543,33.97740070413529,81.34653683213178,39.44168303422652,78.60062645169944,69.25220213008981,82.09491564930666,41.07964144319627,19.949902274816946,60.92770792658696,57.877995648067305,44.26434667836318,53.857546788743775,59.68498508484403,53.75299764586303,88.2928674413028,45.45430932826323,22.330431772854848,80.90160713519154,dapB
gcggcccatataccagccat,3.4131053137795173,3.158111916807234,4.0471678390601245,3.298243967046566,4.942167375146952,0.5852268836844011,1.3294949337379725,4.235961904582605,2.6981377453281743,18.69125311658321,19.969270145998188,9.974951137408473,15.097131167649868,8.62012701141428,10.730750709906227,1.224035154289631,3.6541827602965737,1.2216590374059781,26.086529016748557,7.792167313416554,13.95651985803428,18.57434857695724,yciM
ggcgcaaacatccaaatgag,6.751886105782477,7.053807999357965,4.028476391643152,4.359667575632999,6.795480140827059,1.1704537673688022,0.4431649779126575,11.76656084606279,42.720514301029425,71.46655603399462,45.073495472395905,78.03932360443099,104.60155166157408,1.2314467159163256,5.365375354953113,3.6721054628688936,14.616731041186295,18.324885561089673,67.22297862008281,28.571280149194028,93.50868304882968,78.42502732493058,ispD
gtaatcacgcgacaagcggt,4.763220787234764,0.84932405496355,2.769563175974414,1.8874683211499952,4.942167375146952,9.363630138950418,0.4431649779126575,4.235961904582605,7.195033987541799,21.256719230624043,2.8527528779997406,1.1735236632245263,3.774282791912467,12.314467159163256,8.04806303242967,1.224035154289631,4.872243680395431,1.2216590374059781,13.544928527927135,1.2986945522360924,6.97825992901714,8.255266034203219,yciM
gtcagcacacacccttcttg,5.7068672104994285,4.721465978633731,4.736059028469786,3.2659706544684997,0.617770921893369,0.5852268836844011,0.886329955825315,5.177286772267628,12.141619853976785,53.87478839485749,5.134955180399534,4.694094652898105,28.037529311349754,1.2314467159163256,2.6826876774765567,2.448070308579262,10.96254828088972,7.329954224435868,70.23296273739996,9.090861865652645,39.078255602495986,15.272242163275951,ribF
gtgcggtagctggcggtgtc,6.044637280005049,5.216188077905359,2.7867798878045984,3.6871152187077905,0.617770921893369,6.437495720528413,1.77265991165063,14.119873015275349,34.17641144082354,145.4985781820301,14.834314965598654,13.495522127082051,82.49503816608677,8.62012701141428,2.6826876774765567,6.120175771448157,14.616731041186295,17.103226523683695,48.15974587707425,12.986945522360923,29.30869170187199,85.02924015229316,psd
gttaaaggtgcggtagctgg,5.090579672970273,5.816594591172482,0.8618085604033018,2.1725251588980856,5.559938297040322,9.363630138950418,0.4431649779126575,28.239746030550698,22.034791586846758,34.084049800828204,41.65019201879622,15.25580762191884,52.839959086774535,17.24025402282856,9.389406871167948,11.01631638860668,14.616731041186295,17.103226523683695,24.581536958089984,22.077807388013568,43.26521155990626,56.54857233429204,psd
taagaaagccacgaagccag,3.8215705097681263,5.487423623548806,2.606229957144002,4.691379514506383,0.617770921893369,2.3409075347376045,0.4431649779126575,10.354573544535256,13.490688726640872,9.895369297014641,4.564404604799585,11.148474800632998,29.115895823324745,1.2314467159163256,2.6826876774765567,1.224035154289631,8.526426440692005,6.10829518702989,8.528288332398565,3.896083656708277,4.186955957410285,33.43382743852304,folC
tcggtagcaaacagttccag,4.983779862391197,3.9221983836220353,3.539213189394138,2.5694121372269456,0.617770921893369,0.5852268836844011,0.4431649779126575,1.8826497353700467,5.396275490656349,17.225272479988448,2.8527528779997406,5.867618316122631,9.16611535178742,1.2314467159163256,1.3413438387382783,2.448070308579262,2.4361218401977154,3.664977112217934,29.598177153618554,2.597389104472185,15.352171843837707,8.255266034203219,ribF
tgcttgcgccccaacccgcc,2.9789449332222575,2.835153904809691,0.3235032054146281,0.6906024818805843,56.83492481418995,38.62497432317048,8.86329955825315,148.25866666039116,152.89447223526324,148.0640442960709,204.8276566403814,97.98922587924794,145.04029586063623,65.26667594356526,135.4757277125661,139.54000758901796,142.51312765156635,105.06267721691411,151.50253390496275,144.15509529820625,124.2130267365051,232.38573886282057,psd
ttgcattcgacggccaaatc,5.8787014023235935,5.08600180505689,4.012509432350237,3.621178584062691,0.617770921893369,1.7556806510532037,0.4431649779126575,5.647949206110139,30.12920482283128,39.94797234720725,24.533674750797772,8.214665642571683,17.793047447587345,1.2314467159163256,4.024031516214835,2.448070308579262,9.744487360790862,15.881567486277715,45.65142577930997,31.168669253666216,25.121735744461706,21.463691688928368,ispD
